msg_id,role,country,town_ctry,street,adrline
MSG001,Dbtr,CN,True,True,False
MSG001,Cdtr,PK,True,False,True
MSG002,Dbtr,GB,True,False,True
MSG002,Cdtr,PK,True,False,True
MSG003,Dbtr,GB,True,True,False
MSG003,Cdtr,PK,True,True,False
MSG004,Dbtr,US,True,True,False
MSG004,Cdtr,PK,True,False,True
MSG005,Dbtr,AE,True,False,True
MSG005,Cdtr,PK,True,False,True
MSG006,Dbtr,CN,True,True,False
MSG006,Cdtr,PK,True,False,True
MSG007,Dbtr,DE,True,True,False
MSG007,Cdtr,PK,True,False,True
MSG008,Dbtr,PK,True,False,True
MSG008,Cdtr,DE,True,True,False
MSG009,Dbtr,PK,True,False,True
MSG009,Cdtr,CN,True,False,True
MSG010,Dbtr,US,True,True,False
MSG010,Cdtr,PK,False,False,True
MSG011,Dbtr,PK,True,False,True
MSG011,Cdtr,GB,True,False,True
MSG012,Dbtr,GB,True,True,False
MSG012,Cdtr,PK,True,True,False
MSG014,Dbtr,CN,True,False,True
MSG014,Cdtr,PK,True,False,True
MSG015,Dbtr,PK,True,False,True
MSG015,Cdtr,AE,True,True,False
MSG016,Dbtr,US,True,True,False
MSG016,Cdtr,PK,True,False,True
MSG017,Dbtr,AE,True,False,True
MSG017,Cdtr,PK,True,False,True
MSG018,Dbtr,PK,True,False,True
MSG018,Cdtr,US,True,True,False
MSG019,Dbtr,US,True,True,False
MSG019,Cdtr,PK,True,True,False
MSG020,Dbtr,AE,True,False,True
MSG020,Cdtr,PK,True,True,False
MSG021,Dbtr,US,True,True,False
MSG021,Cdtr,PK,True,False,True
MSG022,Dbtr,SA,True,False,True
MSG022,Cdtr,PK,True,False,True
MSG023,Dbtr,GB,True,True,False
MSG023,Cdtr,PK,True,False,True
MSG024,Dbtr,US,True,True,False
MSG024,Cdtr,PK,True,False,True
MSG025,Dbtr,GB,True,True,False
MSG025,Cdtr,PK,True,False,True
MSG026,Dbtr,AE,True,False,True
MSG026,Cdtr,PK,True,False,True
MSG027,Dbtr,US,False,True,True
MSG027,Cdtr,PK,True,False,True
MSG028,Dbtr,GB,True,True,False
MSG028,Cdtr,PK,True,False,True
MSG029,Dbtr,AE,True,True,False
MSG029,Cdtr,PK,True,False,True
MSG030,Dbtr,US,True,True,False
MSG030,Cdtr,PK,True,False,True
MSG031,Dbtr,PK,True,True,False
MSG031,Cdtr,DE,True,True,False
MSG032,Dbtr,AE,True,False,True
MSG032,Cdtr,PK,True,False,True
MSG033,Dbtr,PK,True,False,True
MSG033,Cdtr,AE,True,True,False
MSG034,Dbtr,AE,True,False,True
MSG034,Cdtr,PK,True,False,True
MSG035,Dbtr,PK,True,False,True
MSG035,Cdtr,AE,True,False,True
MSG036,Dbtr,AE,True,False,True
MSG036,Cdtr,PK,True,True,False
MSG037,Dbtr,PK,True,False,True
MSG037,Cdtr,SG,True,True,False
MSG038,Dbtr,GB,True,False,True
MSG038,Cdtr,PK,True,False,True
MSG039,Dbtr,AE,True,True,False
MSG039,Cdtr,PK,True,False,True
MSG040,Dbtr,DE,True,True,False
MSG040,Cdtr,PK,True,False,True
MSG041,Dbtr,PK,True,False,True
MSG041,Cdtr,CN,True,True,False
MSG042,Dbtr,GB,True,False,True
MSG042,Cdtr,PK,True,False,True
MSG043,Dbtr,PK,True,False,True
MSG043,Cdtr,DE,True,True,False
MSG044,Dbtr,AE,True,False,True
MSG044,Cdtr,PK,True,True,False
MSG045,Dbtr,US,True,True,False
MSG045,Cdtr,PK,True,False,True
MSG046,Dbtr,AE,True,True,False
MSG046,Cdtr,PK,True,False,True
MSG047,Dbtr,US,True,True,False
MSG047,Cdtr,PK,True,False,True
MSG048,Dbtr,PK,True,False,True
MSG048,Cdtr,US,True,True,False
MSG049,Dbtr,PK,True,True,False
MSG049,Cdtr,CN,True,True,False
MSG050,Dbtr,SA,True,True,False
MSG050,Cdtr,PK,True,False,True
MSG051,Dbtr,PK,True,True,False
MSG051,Cdtr,SG,True,True,False
MSG052,Dbtr,PK,True,False,True
MSG052,Cdtr,CN,True,True,False
MSG053,Dbtr,AE,True,True,False
MSG053,Cdtr,PK,True,True,False
MSG055,Dbtr,SA,True,False,True
MSG055,Cdtr,PK,True,False,True
MSG056,Dbtr,AE,True,True,False
MSG056,Cdtr,PK,True,False,True
MSG057,Dbtr,PK,True,False,True
MSG057,Cdtr,CN,True,False,True
MSG059,Dbtr,US,True,True,False
MSG059,Cdtr,PK,True,True,False
MSG060,Dbtr,SG,True,True,False
MSG060,Cdtr,PK,True,False,True
MSG061,Dbtr,PK,True,False,True
MSG061,Cdtr,AE,True,False,True
MSG062,Dbtr,PK,True,False,True
MSG062,Cdtr,AE,True,True,False
MSG064,Dbtr,AE,True,False,True
MSG064,Cdtr,PK,True,False,True
MSG065,Dbtr,PK,True,False,True
MSG065,Cdtr,DE,True,True,False
MSG066,Dbtr,US,True,True,False
MSG066,Cdtr,PK,True,False,True
MSG067,Dbtr,AE,True,False,True
MSG067,Cdtr,PK,True,True,False
MSG068,Dbtr,AE,True,False,True
MSG068,Cdtr,PK,True,False,True
MSG069,Dbtr,AE,True,False,True
MSG069,Cdtr,PK,True,False,True
MSG070,Dbtr,DE,True,True,False
MSG070,Cdtr,PK,True,True,False
MSG071,Dbtr,PK,True,False,True
MSG071,Cdtr,GB,True,False,True
MSG072,Dbtr,PK,True,False,True
MSG072,Cdtr,SG,True,True,False
MSG073,Dbtr,SA,True,False,True
MSG073,Cdtr,PK,True,False,True
MSG074,Dbtr,US,True,True,False
MSG074,Cdtr,PK,True,False,True
MSG075,Dbtr,DE,True,True,False
MSG075,Cdtr,PK,True,False,True
MSG076,Dbtr,PK,True,False,True
MSG076,Cdtr,SG,True,True,False
MSG077,Dbtr,GB,False,False,True
MSG077,Cdtr,PK,True,False,True
MSG078,Dbtr,US,True,True,False
MSG078,Cdtr,PK,True,False,True
MSG080,Dbtr,PK,True,False,True
MSG080,Cdtr,GB,True,True,False
MSG081,Dbtr,US,True,True,False
MSG081,Cdtr,PK,True,False,True
MSG082,Dbtr,PK,True,False,True
MSG082,Cdtr,DE,True,True,False
MSG084,Dbtr,US,True,True,False
MSG084,Cdtr,PK,True,False,True
MSG085,Dbtr,US,True,True,False
MSG085,Cdtr,PK,True,True,False
MSG086,Dbtr,SA,True,True,False
MSG086,Cdtr,PK,True,False,True
MSG087,Dbtr,AE,True,False,True
MSG087,Cdtr,PK,True,False,True
MSG088,Dbtr,AE,False,False,True
MSG088,Cdtr,PK,True,False,True
MSG089,Dbtr,PK,True,False,True
MSG089,Cdtr,CN,True,True,False
MSG090,Dbtr,DE,True,True,False
MSG090,Cdtr,PK,True,False,True
MSG091,Dbtr,PK,True,True,False
MSG091,Cdtr,AE,False,True,True
MSG092,Dbtr,AE,True,False,True
MSG092,Cdtr,PK,True,True,False
MSG093,Dbtr,PK,True,False,True
MSG093,Cdtr,AE,True,True,False
MSG094,Dbtr,US,True,True,False
MSG094,Cdtr,PK,True,False,True
MSG095,Dbtr,CN,True,False,True
MSG095,Cdtr,PK,True,False,True
MSG096,Dbtr,GB,True,True,False
MSG096,Cdtr,PK,True,False,True
MSG097,Dbtr,GB,True,False,True
MSG097,Cdtr,PK,True,False,True
MSG098,Dbtr,US,True,True,False
MSG098,Cdtr,PK,True,False,True
MSG099,Dbtr,PK,True,False,True
MSG099,Cdtr,SG,True,True,False
MSG100,Dbtr,US,True,True,False
MSG100,Cdtr,PK,True,True,False
