msg_id,scenario,corridor,currency,amount,injected_defect,status,score,errors,warnings,infos,inference,data_loss,enrichment,leaf_elements,direct,code,parsed,inferred,freetext
MSG001,S2,CN>PK,JPY,259137.5,D10_JPY_DECIMALS,FAILED_VALIDATION,60,1,1,6,3,0,3,32,13,3,7,7,2
MSG002,S1,GB>PK,GBP,319.92,,PASS_CLEAN,96,0,0,5,2,0,2,28,12,1,6,6,3
MSG003,S2,GB>PK,USD,37086.39,,PASS_CLEAN,96,0,0,6,2,0,3,31,12,3,9,6,1
MSG004,S1,US>PK,USD,3547.89,,PASS_CLEAN,98,0,0,4,1,0,2,32,16,1,8,5,2
MSG005,S2,AE>PK,USD,208323.48,,PASS_CLEAN,100,0,0,4,0,0,3,29,14,4,4,4,3
MSG006,S2,CN>PK,USD,128949.18,D03_BIC_FORMAT,FAILED_VALIDATION,66,1,0,5,2,0,2,32,14,1,7,6,4
MSG007,S2,DE>PK,EUR,35564.72,,PASS_WITH_WARNINGS,90,0,1,6,3,0,3,32,12,4,7,7,2
MSG008,S3,PK>DE,EUR,233841.58,,PASS_WITH_WARNINGS,90,0,1,6,3,0,3,32,13,3,7,7,2
MSG009,S3,PK>CN,CNY,118676.32,D16_FX_NO_RATE,PASS_WITH_WARNINGS,92,0,1,5,1,0,3,34,15,3,6,5,5
MSG010,S1,US>PK,USD,420.72,D06_ADDR_NO_COUNTRY,FAILED_VALIDATION,68,1,0,4,1,0,2,29,13,2,6,5,3
MSG011,S4,PK>GB,GBP,23348.7,,PASS_CLEAN,96,0,0,6,2,0,3,30,12,3,6,6,3
MSG012,S1,GB>PK,GBP,5935.77,,PASS_CLEAN,98,0,0,4,1,0,2,31,13,2,10,5,1
MSG013,S2,AE>PK,USD,103213.65,D12_BAD_DATE,REJECTED,0,1,0,0,0,0,0,0,0,0,0,0,0
MSG014,S2,CN>PK,USD,63092.47,D22_NON_IBAN_PK_ACCOUNT,PASS_WITH_WARNINGS,90,0,1,6,2,0,3,29,12,3,4,6,4
MSG015,S3,PK>AE,USD,102388.73,D01_IBAN_CHECKSUM,FAILED_VALIDATION,64,1,1,3,1,0,2,27,15,1,4,5,2
MSG016,S1,US>PK,USD,3072.61,,PASS_CLEAN,96,0,0,6,2,0,3,34,14,2,8,6,4
MSG017,S1,AE>PK,USD,3811.57,,PASS_CLEAN,100,0,0,4,0,0,3,27,14,2,4,4,3
MSG018,S4,PK>US,USD,38523.37,,PASS_CLEAN,100,0,0,4,0,0,3,31,14,3,8,4,2
MSG019,S4,US>PK,USD,9227.23,D18_IBAN_COUNTRY_MISMATCH,PASS_WITH_WARNINGS,92,0,1,4,1,0,3,33,14,4,10,4,1
MSG020,S1,AE>PK,AED,1284.09,,PASS_CLEAN,96,0,0,5,2,0,2,29,12,2,7,6,2
MSG021,S1,US>PK,USD,4780.77,D15_CHARGE_RULE,FAILED_VALIDATION,66,1,0,5,2,0,2,31,14,1,8,6,2
MSG022,S1,SA>PK,SAR,964.02,,PASS_CLEAN,100,0,0,3,0,0,2,26,14,1,4,4,3
MSG023,S1,GB>PK,GBP,974.4,D08_NAME_AT_35,PASS_WITH_WARNINGS,90,0,1,5,2,1,2,31,12,1,7,6,5
MSG024,S1,US>PK,USD,5140.74,D09_REMIT_FULL,PASS_WITH_WARNINGS,94,0,1,3,0,1,2,33,14,2,8,4,5
MSG025,S1,GB>PK,GBP,2597.56,,PASS_CLEAN,96,0,0,5,2,0,2,32,15,2,7,6,2
MSG026,S2,AE>PK,USD,85800.41,,PASS_CLEAN,96,0,0,5,2,0,2,30,15,1,5,6,3
MSG027,S4,US>PK,USD,10792.39,D06_ADDR_NO_COUNTRY,FAILED_VALIDATION,66,1,0,5,2,0,2,31,14,4,4,6,3
MSG028,S2,GB>PK,USD,115283.39,,PASS_WITH_WARNINGS,90,0,1,6,3,0,3,31,11,4,7,7,2
MSG029,S1,AE>PK,AED,5966.44,D22_NON_IBAN_PK_ACCOUNT,PASS_WITH_WARNINGS,84,0,2,6,3,0,3,30,12,3,6,7,2
MSG030,S2,US>PK,USD,62635.52,,PASS_CLEAN,96,0,0,5,2,0,2,31,14,1,8,6,2
MSG031,S3,PK>DE,EUR,161266.69,,PASS_CLEAN,98,0,0,5,1,0,3,35,13,3,10,5,4
MSG032,S2,AE>PK,USD,184183.65,,PASS_WITH_WARNINGS,92,0,1,4,2,0,3,30,12,4,5,5,4
MSG033,S3,PK>AE,XYZ,168073.96,D11_UNKNOWN_CCY,FAILED_VALIDATION,68,1,0,4,1,0,3,31,16,5,4,4,2
MSG034,S1,AE>PK,AED,2575.42,,PASS_CLEAN,96,0,0,6,2,0,3,29,12,3,5,6,3
MSG035,S3,PK>AE,USD,239987.15,D17_WEEKEND_DATE,PASS_WITH_WARNINGS,90,0,1,6,2,0,3,34,18,3,2,6,5
MSG036,S1,AE>PK,AED,168.77,D03_BIC_FORMAT,FAILED_VALIDATION,40,2,0,3,0,0,2,29,15,1,7,4,2
MSG037,S3,PK>SG,USD,182733.11,,PASS_WITH_WARNINGS,90,0,1,6,3,0,3,33,16,3,5,7,2
MSG038,S4,GB>PK,GBP,18737.29,,PASS_CLEAN,96,0,0,6,2,0,3,32,16,3,3,6,4
MSG039,S2,AE>PK,USD,195934.11,D08_NAME_AT_35,PASS_WITH_WARNINGS,92,0,1,5,1,1,3,34,15,4,6,5,4
MSG040,S2,DE>PK,EUR,184665.45,D01_IBAN_CHECKSUM,FAILED_VALIDATION,62,1,1,5,2,0,3,33,14,3,8,6,2
MSG041,S3,PK>CN,USD,116486.47,,PASS_WITH_WARNINGS,90,0,1,6,3,0,3,32,15,4,4,7,2
MSG042,S1,GB>PK,GBP,3881.4,,PASS_WITH_WARNINGS,92,0,1,4,2,0,2,29,13,1,6,6,3
MSG043,S3,PK>DE,EUR,244793.88,,PASS_CLEAN,98,0,0,4,1,0,3,34,15,5,8,4,2
MSG044,S1,AE>PK,USD,4896.54,D17_WEEKEND_DATE,PASS_WITH_WARNINGS,90,0,1,5,2,0,2,31,12,2,7,6,4
MSG045,S2,US>PK,USD,18036.12,D02_IBAN_LENGTH,FAILED_VALIDATION,40,2,0,2,0,0,2,35,16,3,8,3,5
MSG046,S1,AE>PK,AED,4141.71,,PASS_CLEAN,98,0,0,4,1,0,2,30,13,1,7,5,4
MSG047,S1,US>PK,USD,4887.29,,PASS_WITH_WARNINGS,90,0,1,5,3,0,2,32,11,1,9,7,4
MSG048,S4,PK>US,USD,28474.53,,PASS_CLEAN,98,0,0,3,1,0,2,30,13,3,8,4,2
MSG049,S3,PK>CN,USD,81958.8,D15_CHARGE_RULE,FAILED_VALIDATION,66,1,0,5,2,0,2,34,16,2,9,6,1
MSG050,S1,SA>PK,SAR,4463.49,,PASS_CLEAN,98,0,0,4,1,0,2,30,15,1,6,5,3
MSG051,S3,PK>SG,USD,248119.0,,PASS_CLEAN,98,0,0,4,1,0,2,30,13,1,9,5,2
MSG052,S3,PK>CN,CNY,160914.03,,PASS_CLEAN,98,0,0,3,1,0,2,31,15,3,5,4,4
MSG053,S2,AE>PK,USD,193199.51,D01_IBAN_CHECKSUM,FAILED_VALIDATION,60,1,1,6,3,0,3,32,12,3,9,7,1
MSG054,S1,SA>PK,SAR,2307.0,D19_MISSING_MANDATORY,REJECTED,0,1,0,0,0,0,0,0,0,0,0,0,0
MSG055,S1,SA>PK,SAR,5712.95,,PASS_CLEAN,98,0,0,4,1,0,2,29,14,1,5,5,4
MSG056,S2,AE>PK,XYZ,25525.87,D11_UNKNOWN_CCY,FAILED_VALIDATION,62,1,1,5,2,0,3,29,12,3,6,6,2
MSG057,S3,PK>CN,USD,52578.75,,PASS_CLEAN,96,0,0,6,2,0,3,30,14,3,2,6,5
MSG058,S1,US>PK,USD,3911.29,D13_AMOUNT_NO_COMMA,REJECTED,0,1,0,0,0,0,0,0,0,0,0,0,0
MSG059,S1,US>PK,USD,4976.81,D22_NON_IBAN_PK_ACCOUNT,PASS_WITH_WARNINGS,90,0,1,6,2,0,3,32,12,2,10,6,2
MSG060,S2,SG>PK,USD,195037.93,D09_REMIT_FULL,PASS_WITH_WARNINGS,92,0,1,4,1,1,2,34,17,1,8,5,3
MSG061,S3,PK>AE,USD,79120.53,D16_FX_NO_RATE,PASS_WITH_WARNINGS,92,0,1,4,1,0,2,28,14,2,4,5,3
MSG062,S3,PK>AE,USD,172998.03,,PASS_CLEAN,100,0,0,4,0,0,3,29,14,3,6,4,2
MSG063,S3,PK>AE,USD,72478.15,D13_AMOUNT_NO_COMMA,REJECTED,0,1,0,0,0,0,0,0,0,0,0,0,0
MSG064,S2,AE>PK,USD,187884.32,,PASS_WITH_WARNINGS,92,0,1,4,2,0,3,34,14,4,5,5,6
MSG065,S3,PK>DE,EUR,175839.86,,PASS_CLEAN,100,0,0,3,0,0,2,31,16,1,8,4,2
MSG066,S4,US>PK,USD,23545.04,D22_NON_IBAN_PK_ACCOUNT,PASS_WITH_WARNINGS,88,0,2,3,1,0,2,30,15,2,6,5,2
MSG067,S1,AE>PK,USD,1926.27,D03_BIC_FORMAT,FAILED_VALIDATION,70,1,0,3,0,0,2,28,14,1,7,4,2
MSG068,S1,AE>PK,USD,883.72,D07_ADDR_TOWN_ONLY,PASS_WITH_WARNINGS,92,0,1,3,2,0,1,26,13,1,3,6,3
MSG069,S1,AE>PK,USD,3813.42,,PASS_CLEAN,96,0,0,5,2,0,2,28,12,1,5,6,4
MSG070,S2,DE>PK,EUR,63334.73,,PASS_CLEAN,98,0,0,5,1,0,3,32,13,3,10,5,1
MSG071,S4,PK>GB,GBP,1351.68,D09_REMIT_FULL,PASS_WITH_WARNINGS,86,0,2,4,2,1,2,28,15,1,2,6,4
MSG072,S3,PK>SG,USD,187790.91,D07_ADDR_TOWN_ONLY,PASS_WITH_WARNINGS,90,0,1,3,3,0,1,28,12,2,6,6,2
MSG073,S1,SA>PK,SAR,3059.19,,PASS_WITH_WARNINGS,90,0,1,6,3,0,3,32,13,2,5,7,5
MSG074,S4,US>PK,JPY,649470.5,D10_JPY_DECIMALS,FAILED_VALIDATION,60,1,1,5,3,0,3,35,11,5,9,6,4
MSG075,S2,DE>PK,EUR,10017.82,,PASS_CLEAN,98,0,0,5,1,0,3,32,14,3,8,5,2
MSG076,S3,PK>SG,USD,72507.87,,PASS_CLEAN,96,0,0,5,2,0,2,33,14,2,7,6,4
MSG077,S1,GB>PK,GBP,697.16,D06_ADDR_NO_COUNTRY,FAILED_VALIDATION,66,1,0,4,2,0,1,26,12,2,2,6,4
MSG078,S1,US>PK,USD,3364.25,D03_BIC_FORMAT,FAILED_VALIDATION,68,1,0,4,1,0,2,31,15,1,8,5,2
MSG079,S3,PK>SG,USD,92662.24,D19_MISSING_MANDATORY,REJECTED,0,1,0,0,0,0,0,0,0,0,0,0,0
MSG080,S4,PK>GB,GBP,33208.9,,PASS_CLEAN,96,0,0,6,2,0,3,30,12,3,7,6,2
MSG081,S1,US>PK,USD,2465.54,,PASS_CLEAN,100,0,0,4,0,0,3,30,14,2,8,4,2
MSG082,S3,PK>DE,EUR,232786.35,,PASS_CLEAN,98,0,0,4,1,0,3,34,16,4,7,4,3
MSG083,S1,AE>PK,USD,2532.02,D12_BAD_DATE,REJECTED,0,1,0,0,0,0,0,0,0,0,0,0,0
MSG084,S2,US>PK,USD,208331.21,,PASS_CLEAN,98,0,0,4,1,0,2,32,15,1,9,5,2
MSG085,S2,US>PK,USD,239990.92,,PASS_WITH_WARNINGS,94,0,1,3,1,0,3,34,17,4,8,4,1
MSG086,S1,SA>PK,SAR,914.76,,PASS_CLEAN,98,0,0,4,1,0,2,32,15,2,8,5,2
MSG087,S1,AE>PK,USD,2907.6,,PASS_WITH_WARNINGS,90,0,1,5,3,0,2,28,13,1,4,7,3
MSG088,S1,AE>PK,USD,1911.78,D06_ADDR_NO_COUNTRY,FAILED_VALIDATION,66,1,0,5,2,0,2,27,12,2,3,6,4
MSG089,S3,PK>CN,CNY,241393.89,D01_IBAN_CHECKSUM,FAILED_VALIDATION,68,1,0,5,1,0,3,30,13,3,7,5,2
MSG090,S2,DE>PK,EUR,242077.34,,PASS_CLEAN,98,0,0,5,1,0,3,30,13,3,7,5,2
MSG091,S3,PK>AE,USD,119527.26,D06_ADDR_NO_COUNTRY,FAILED_VALIDATION,64,1,0,6,3,0,2,33,13,3,6,7,4
MSG092,S1,AE>PK,AED,4019.89,D02_IBAN_LENGTH,FAILED_VALIDATION,32,2,1,4,2,0,2,27,12,1,6,6,2
MSG093,S3,PK>AE,USD,36266.21,,PASS_CLEAN,94,0,0,6,3,0,2,29,15,1,4,7,2
MSG094,S1,US>PK,USD,263.5,D18_IBAN_COUNTRY_MISMATCH,PASS_WITH_WARNINGS,90,0,1,5,2,0,2,30,12,1,8,6,3
MSG095,S2,CN>PK,CNY,168464.05,D08_NAME_AT_35,PASS_WITH_WARNINGS,90,0,1,6,2,1,3,30,12,3,5,6,4
MSG096,S1,GB>PK,GBP,938.38,,PASS_CLEAN,98,0,0,4,1,0,2,31,13,2,7,5,4
MSG097,S2,GB>PK,USD,134467.52,,PASS_CLEAN,96,0,0,6,2,0,3,33,15,4,5,6,3
MSG098,S1,US>PK,USD,1545.73,,PASS_CLEAN,96,0,0,5,2,0,2,29,12,1,8,6,2
MSG099,S3,PK>SG,USD,223139.65,D07_ADDR_TOWN_ONLY,PASS_WITH_WARNINGS,86,0,2,3,3,0,1,28,12,1,6,7,2
MSG100,S1,US>PK,USD,5582.0,,PASS_CLEAN,96,0,0,5,2,0,2,31,13,1,10,6,1
